<?xml version="1.0" encoding="UTF-8"?>
<project-private xmlns="http://www.netbeans.org/ns/project-private/1">
    <editor-bookmarks xmlns="http://www.netbeans.org/ns/editor-bookmarks/2" lastBookmarkId="0"/>
    <open-files xmlns="http://www.netbeans.org/ns/projectui-open-files/2">
        <group>
            <file>file:/C:/xampp/htdocs/html/laravel/tablaMultiplicar/resources/views/tabla.blade.php</file>
            <file>file:/C:/xampp/htdocs/html/laravel/tablaMultiplicar/app/Http/Controllers/micontrolador.php</file>
            <file>file:/C:/xampp/htdocs/html/laravel/tablaMultiplicar/routes/web.php</file>
        </group>
    </open-files>
</project-private>
